observation_id,source,planning_year,document_id,balancing_authority_raw,balancing_authority_normalized,owner_prefix_raw,project_name_raw,project_name_normalized,raw_record_text,in_service_year_raw,in_service_year,description_raw,supporting_statement_raw,voltage_raw,voltage_kv,project_type,project_type_confidence,project_type_method,location_mentions,endpoint_candidates,length_raw,length_miles,pdf_page_start,pdf_page_end,printed_page_start,printed_page_end,source_url,source_title,source_sha256,extraction_engine,extraction_engine_version,parser_version,pipeline_version,confidence,extraction_confidence,validation_status,warning_codes,validation_notes,field_provenance,latitude,longitude,geometry,utility,county_region_raw,project_type_raw,timeline_raw,construction_start_raw,completion_target_raw
georgia-power-2026-a84d843ee3a3cc43ff5f,georgia_power,2026,georgia-power-2026-current-transmission-projects,GPC,GPC,,Tomochichi - Towaliga River 230 kV,Tomochichi - Towaliga River 230 kV,"Project Name: Tomochichi - Towaliga River 230 kV
County/Region: Butts & Spalding counties
Type: Area Project
About the Project: Georgia Power is planning the Tomochichi – Towaliga River Transmission Project in Butts and Spalding counties to support the electric needs of a large‑load customer that requires new transmission infrastructure, while also strengthening the local electric grid in a growing area. The project includes construction of new transmission lines and substations to add capacity, enhance reliability for homes and businesses, and support continued growth and evolving energy needs across the region.
What's Included: Certain components of the project are being evaluated to support specific customer needs, while all improvements contribute to strengthening the overall transmission system. Some elements are currently in the planning phase, and details may be refined as the project progresses. Tomochichi – Towaliga River #1 230 kV Transmission Line : Construction of one new approximately 5‑mile 230 kV transmission line located in portions of Butts and Spalding counties. Tomochichi – Towaliga River #2 230 kV Transmission Line : Construction of one new approximately 5‑mile 230 kV transmission line located in portions of Butts and Spalding counties. Tomochichi Substation : Construction of a new substation to support the new transmission lines and enhance system capacity and reliability in the area. Tomochichi – Towaliga River #1 230 kV Transmission Line : Construction of one new approximately 5‑mile 230 kV transmission line located in portions of Butts and Spalding counties. Tomochichi – Towaliga River #2 230 kV Transmission Line : Construction of one new approximately 5‑mile 230 kV transmission line located in portions of Butts and Spalding counties. Tomochichi Substation : Construction of a new substation to support the new transmission lines and enhance system capacity and reliability in the area. the electric grid with added transmission capacity. large-load demands while reinforcing local system. for growing energy needs in Georgia
Timeline: Q3 2025 | Tomochichi Substation Land Acquisition Activities Began
Timeline: Q1 2026 | Tomochichi Substation Construction Began
Timeline: Q2 2026 - Q1 2027 | Transmission Line Survey Notifications and Land Acquisition Activities
Timeline: Q3 2026 | Transmission Line Clearing and Grading Begins
Timeline: Q1 2027 | Transmission Line Construction Begins
Timeline: Q3 2027 | Tomochichi Substation Complete
Timeline: Q4 2027 | Project Completion Target",Q4 2027,,"Georgia Power is planning the Tomochichi – Towaliga River Transmission Project in Butts and Spalding counties to support the electric needs of a large‑load customer that requires new transmission infrastructure, while also strengthening the local electric grid in a growing area. The project includes construction of new transmission lines and substations to add capacity, enhance reliability for homes and businesses, and support continued growth and evolving energy needs across the region.","Certain components of the project are being evaluated to support specific customer needs, while all improvements contribute to strengthening the overall transmission system. Some elements are currently in the planning phase, and details may be refined as the project progresses. Tomochichi – Towaliga River #1 230 kV Transmission Line : Construction of one new approximately 5‑mile 230 kV transmission line located in portions of Butts and Spalding counties. Tomochichi – Towaliga River #2 230 kV Transmission Line : Construction of one new approximately 5‑mile 230 kV transmission line located in portions of Butts and Spalding counties. Tomochichi Substation : Construction of a new substation to support the new transmission lines and enhance system capacity and reliability in the area. Tomochichi – Towaliga River #1 230 kV Transmission Line : Construction of one new approximately 5‑mile 230 kV transmission line located in portions of Butts and Spalding counties. Tomochichi – Towaliga River #2 230 kV Transmission Line : Construction of one new approximately 5‑mile 230 kV transmission line located in portions of Butts and Spalding counties. Tomochichi Substation : Construction of a new substation to support the new transmission lines and enhance system capacity and reliability in the area. the electric grid with added transmission capacity. large-load demands while reinforcing local system. for growing energy needs in Georgia","[""230 kV""]",[230.0],area_project,HIGH,georgia_power_published_type_v1,"[""Butts & Spalding counties""]","[""Tomochichi"",""Towaliga River""]","[""5‑mile""]",[5.0],0,0,,,https://www.georgiapower.com/about/grid-reliability/grid-improvements/grid-projects/transmission-projects/tomochichi-towaliga.html,Tomochichi - Towaliga River 230 kV,525618f39573a1aab22419abfae9ef595ae1a359d0db700a5dbd140182c66202,BeautifulSoup,4.15.0,georgia_power_current_v1,0.1.0,HIGH,HIGH,valid,[],[],"{""balancing_authority_normalized"":{""notes"":null,""origin"":""deterministic_rule"",""rule_id"":""georgia_power_utility_v1"",""source_fields"":[""source""]},""endpoint_candidates"":{""notes"":""Text candidates only; no geocoding or entity resolution applied."",""origin"":""derived_from_source"",""rule_id"":""location_candidates_v1"",""source_fields"":[""project_name_raw""]},""length_miles"":{""notes"":""Values are preserved independently and are not summed."",""origin"":""derived_from_source"",""rule_id"":""length_miles_v1"",""source_fields"":[""description_raw""]},""location_mentions"":{""notes"":""Published county/region text only; no geocoding applied."",""origin"":""derived_from_source"",""rule_id"":""georgia_power_county_region_v1"",""source_fields"":[""county_region_raw""]},""project_name_normalized"":{""notes"":null,""origin"":""normalized"",""rule_id"":""project_name_v1"",""source_fields"":[""project_name_raw""]},""project_type"":{""notes"":null,""origin"":""normalized"",""rule_id"":""georgia_power_published_type_v1"",""source_fields"":[""project_type_raw""]},""voltage_kv"":{""notes"":null,""origin"":""derived_from_source"",""rule_id"":""voltage_kv_v1"",""source_fields"":[""project_name_raw"",""description_raw"",""supporting_statement_raw""]}}",,,,GPC,Butts & Spalding counties,Area Project,"[""Q3 2025 | Tomochichi Substation Land Acquisition Activities Began"",""Q1 2026 | Tomochichi Substation Construction Began"",""Q2 2026 - Q1 2027 | Transmission Line Survey Notifications and Land Acquisition Activities"",""Q3 2026 | Transmission Line Clearing and Grading Begins"",""Q1 2027 | Transmission Line Construction Begins"",""Q3 2027 | Tomochichi Substation Complete"",""Q4 2027 | Project Completion Target""]","[""Q1 2026 | Tomochichi Substation Construction Began"",""Q1 2027 | Transmission Line Construction Begins""]",Q4 2027 | Project Completion Target
georgia-power-2026-31e73b6a22013b33f193,georgia_power,2026,georgia-power-2026-current-transmission-projects,GPC,GPC,,Big Tazewell - Farley 500 kV,Big Tazewell - Farley 500 kV,"Project Name: Big Tazewell - Farley 500 kV
County/Region: Chattahoochee, Clay, Early, Marion, Quitman, & Stewart counties
Type: New Transmission Line
About the Project: As part of Georgia Power’s ongoing investment in a stronger, more resilient transmission system, the Big Tazewell–Farley 500 kV Transmission Line Project includes construction of an approximately 102‑mile transmission line extending from the Farley Switching Station in Houston County, Alabama, to the new Big Tazewell 500 kV Substation in Marion County, Georgia. Crossing six Georgia counties and one Alabama county, the project will enhance grid reliability, support Georgia’s growing energy needs, and help ensure dependable electric service for customers while minimizing community impacts and maintaining ongoing engagement with local stakeholders.
Timeline: Q3 2025 | Survey Notification for Line Began
Timeline: Q4 2025 | Substation Land Acquisition Began
Timeline: Q1 2026 | Land Acquisition Activities for Line Began
Timeline: Q1-Q2 2026 | Community Meetings See Dates & Locations
Timeline: Q3 2026 | Line Clearing and Grading Begins
Timeline: Q1 2027 | Substation Construction Begins
Timeline: Q2 2027 | Line Construction Begins
Timeline: Q2 2028 | Substation Complete
Timeline: Q4 2028 | Line Construction Complete",,,"As part of Georgia Power’s ongoing investment in a stronger, more resilient transmission system, the Big Tazewell–Farley 500 kV Transmission Line Project includes construction of an approximately 102‑mile transmission line extending from the Farley Switching Station in Houston County, Alabama, to the new Big Tazewell 500 kV Substation in Marion County, Georgia. Crossing six Georgia counties and one Alabama county, the project will enhance grid reliability, support Georgia’s growing energy needs, and help ensure dependable electric service for customers while minimizing community impacts and maintaining ongoing engagement with local stakeholders.",,"[""500 kV""]",[500.0],new_transmission_line,HIGH,georgia_power_published_type_v1,"[""Chattahoochee, Clay, Early, Marion, Quitman, & Stewart counties""]","[""Big Tazewell"",""Farley""]","[""102‑mile""]",[102.0],1,1,,,https://www.georgiapower.com/about/grid-reliability/grid-improvements/grid-projects/transmission-projects/big-tazewell-farley.html,Big Tazewell - Farley 500 kV,848953f0a53322baea72191763ca7e8c3f07cef72924173c81dedcc4341c77ae,BeautifulSoup,4.15.0,georgia_power_current_v1,0.1.0,MEDIUM,HIGH,review,"[""MISSING_SUPPORTING_STATEMENT""]","[""The source record has no supporting statement.""]","{""balancing_authority_normalized"":{""notes"":null,""origin"":""deterministic_rule"",""rule_id"":""georgia_power_utility_v1"",""source_fields"":[""source""]},""endpoint_candidates"":{""notes"":""Text candidates only; no geocoding or entity resolution applied."",""origin"":""derived_from_source"",""rule_id"":""location_candidates_v1"",""source_fields"":[""project_name_raw""]},""length_miles"":{""notes"":""Values are preserved independently and are not summed."",""origin"":""derived_from_source"",""rule_id"":""length_miles_v1"",""source_fields"":[""description_raw""]},""location_mentions"":{""notes"":""Published county/region text only; no geocoding applied."",""origin"":""derived_from_source"",""rule_id"":""georgia_power_county_region_v1"",""source_fields"":[""county_region_raw""]},""project_name_normalized"":{""notes"":null,""origin"":""normalized"",""rule_id"":""project_name_v1"",""source_fields"":[""project_name_raw""]},""project_type"":{""notes"":null,""origin"":""normalized"",""rule_id"":""georgia_power_published_type_v1"",""source_fields"":[""project_type_raw""]},""voltage_kv"":{""notes"":null,""origin"":""derived_from_source"",""rule_id"":""voltage_kv_v1"",""source_fields"":[""project_name_raw"",""description_raw"",""supporting_statement_raw""]}}",,,,GPC,"Chattahoochee, Clay, Early, Marion, Quitman, & Stewart counties",New Transmission Line,"[""Q3 2025 | Survey Notification for Line Began"",""Q4 2025 | Substation Land Acquisition Began"",""Q1 2026 | Land Acquisition Activities for Line Began"",""Q1-Q2 2026 | Community Meetings See Dates & Locations"",""Q3 2026 | Line Clearing and Grading Begins"",""Q1 2027 | Substation Construction Begins"",""Q2 2027 | Line Construction Begins"",""Q2 2028 | Substation Complete"",""Q4 2028 | Line Construction Complete""]","[""Q1 2027 | Substation Construction Begins"",""Q2 2027 | Line Construction Begins""]",
georgia-power-2026-f4697ce681309cdee657,georgia_power,2026,georgia-power-2026-current-transmission-projects,GPC,GPC,,Decatur - Scottdale 115 kV,Decatur - Scottdale 115 kV,"Project Name: Decatur - Scottdale 115 kV
County/Region: Dekalb County
Type: Transmission Line Upgrade
About the Project: As part of long-term investments in Georgia Power’s statewide transmission system, this project includes rebuilding the existing approximately 2.5‑mile Decatur – Scottdale 115 kV transmission line between the Scottdale Substation in DeKalb County and the Decatur Substation on East College Avenue, as well as relocating approximately 0.7 miles of line. This is a rebuild project driven by the age of the existing infrastructure, which was originally constructed in 1965. This project is part of Georgia Power’s ongoing commitment to strengthen and expand the electric grid. By replacing aging infrastructure with more modern materials and design, the project will enhance system reliability, support Georgia’s evolving energy needs, and help ensure safe, resilient electric service for decades to come.
Timeline: Q4 2026 | Line Clearing Begins
Timeline: Q1 2027 | Construction Begins
Timeline: Q4 2027 | Project Completion",Q4 2027,,"As part of long-term investments in Georgia Power’s statewide transmission system, this project includes rebuilding the existing approximately 2.5‑mile Decatur – Scottdale 115 kV transmission line between the Scottdale Substation in DeKalb County and the Decatur Substation on East College Avenue, as well as relocating approximately 0.7 miles of line. This is a rebuild project driven by the age of the existing infrastructure, which was originally constructed in 1965. This project is part of Georgia Power’s ongoing commitment to strengthen and expand the electric grid. By replacing aging infrastructure with more modern materials and design, the project will enhance system reliability, support Georgia’s evolving energy needs, and help ensure safe, resilient electric service for decades to come.",,"[""115 kV""]",[115.0],transmission_line_upgrade,HIGH,georgia_power_published_type_v1,"[""Dekalb County""]","[""Decatur"",""Scottdale""]","[""2.5‑mile"",""0.7 miles""]","[2.5,0.7]",2,2,,,https://www.georgiapower.com/about/grid-reliability/grid-improvements/grid-projects/transmission-projects/decatur-scottdale.html,Decatur - Scottdale 115 kV,3014f6d9774fa4c719d6fdc9e8895b0b68c4fbb085a2e891f745eab137a3e8b6,BeautifulSoup,4.15.0,georgia_power_current_v1,0.1.0,MEDIUM,HIGH,review,"[""MISSING_SUPPORTING_STATEMENT""]","[""The source record has no supporting statement.""]","{""balancing_authority_normalized"":{""notes"":null,""origin"":""deterministic_rule"",""rule_id"":""georgia_power_utility_v1"",""source_fields"":[""source""]},""endpoint_candidates"":{""notes"":""Text candidates only; no geocoding or entity resolution applied."",""origin"":""derived_from_source"",""rule_id"":""location_candidates_v1"",""source_fields"":[""project_name_raw""]},""length_miles"":{""notes"":""Values are preserved independently and are not summed."",""origin"":""derived_from_source"",""rule_id"":""length_miles_v1"",""source_fields"":[""description_raw""]},""location_mentions"":{""notes"":""Published county/region text only; no geocoding applied."",""origin"":""derived_from_source"",""rule_id"":""georgia_power_county_region_v1"",""source_fields"":[""county_region_raw""]},""project_name_normalized"":{""notes"":null,""origin"":""normalized"",""rule_id"":""project_name_v1"",""source_fields"":[""project_name_raw""]},""project_type"":{""notes"":null,""origin"":""normalized"",""rule_id"":""georgia_power_published_type_v1"",""source_fields"":[""project_type_raw""]},""voltage_kv"":{""notes"":null,""origin"":""derived_from_source"",""rule_id"":""voltage_kv_v1"",""source_fields"":[""project_name_raw"",""description_raw"",""supporting_statement_raw""]}}",,,,GPC,Dekalb County,Transmission Line Upgrade,"[""Q4 2026 | Line Clearing Begins"",""Q1 2027 | Construction Begins"",""Q4 2027 | Project Completion""]","[""Q1 2027 | Construction Begins""]",Q4 2027 | Project Completion
georgia-power-2026-4a60199d0029a784348e,georgia_power,2026,georgia-power-2026-current-transmission-projects,GPC,GPC,,Callaway Road - Thomson Primary 500 kV,Callaway Road - Thomson Primary 500 kV,"Project Name: Callaway Road - Thomson Primary 500 kV
County/Region: Columbia & McDuffie counties
Type: Area Project
About the Project: Georgia Power is planning the Callaway Road – Thomson Primary 500 kV Area Transmission Project. The project will include a new 500/230 kV Callaway Road Substation, approximately 17 miles of new 500 kV transmission infrastructure, and associated facilities in McDuffie and Columbia Counties. The project is being planned to provide the transmission infrastructure needed to serve a large-load customer while also strengthening the local electric grid in a rapidly growing area. These improvements are expected to add capacity, enhance reliability for homes and businesses, and help support continued growth and evolving energy needs. As planning progresses, project details will continue to be refined based on engineering, environmental, and routing studies.
What's Included: Certain project components are designed to serve the large load customer site, while all improvements contribute to strengthening the overall transmission system. Callaway Road Substation : Construction of a new substation in Columbia County to support both 500 kV and 230 kV transmission infrastructure. Callaway Road–Thomson #1 500 kV Transmission Line : Approximately 10 miles of new 500 kV transmission line in McDuffie and Columbia counties. Callaway Road–Thomson #2 500 kV Transmission Line : Approximately 7 miles of new 500 kV transmission line in McDuffie and Columbia counties. the electric grid with added transmission capacity large-load demands while reinforcing local system for growing energy needs in Georgia.
Timeline: Early Spring 2026 | Substation Location Process Began Line Location Process Began
Timeline: Summer 2026 | Substation Survey Notification to Property Owners Line Survey Notification to Property Owners
Timeline: Late Summer 2026 | Substation Land Acquisition Begins
Timeline: Winter 2026 | Substation Clearing and Grading Begins
Timeline: Spring 2027 | Substation Construction Begins Line Land Acquisition Begins
Timeline: Summer 2027 | Line Clearing and Grading Begins Line Construction Begins",,,"Georgia Power is planning the Callaway Road – Thomson Primary 500 kV Area Transmission Project. The project will include a new 500/230 kV Callaway Road Substation, approximately 17 miles of new 500 kV transmission infrastructure, and associated facilities in McDuffie and Columbia Counties. The project is being planned to provide the transmission infrastructure needed to serve a large-load customer while also strengthening the local electric grid in a rapidly growing area. These improvements are expected to add capacity, enhance reliability for homes and businesses, and help support continued growth and evolving energy needs. As planning progresses, project details will continue to be refined based on engineering, environmental, and routing studies.","Certain project components are designed to serve the large load customer site, while all improvements contribute to strengthening the overall transmission system. Callaway Road Substation : Construction of a new substation in Columbia County to support both 500 kV and 230 kV transmission infrastructure. Callaway Road–Thomson #1 500 kV Transmission Line : Approximately 10 miles of new 500 kV transmission line in McDuffie and Columbia counties. Callaway Road–Thomson #2 500 kV Transmission Line : Approximately 7 miles of new 500 kV transmission line in McDuffie and Columbia counties. the electric grid with added transmission capacity large-load demands while reinforcing local system for growing energy needs in Georgia.","[""500 kV"",""500/230 kV"",""230 kV""]","[500.0,230.0]",area_project,HIGH,georgia_power_published_type_v1,"[""Columbia & McDuffie counties""]","[""Callaway Road"",""Thomson Primary""]","[""17 miles"",""10 miles"",""7 miles""]","[17.0,10.0,7.0]",3,3,,,https://www.georgiapower.com/about/grid-reliability/grid-improvements/grid-projects/transmission-projects/callaway-thomson.html,Callaway Road - Thomson Primary 500 kV,c0edd9cd6586ac514b6518d92225ff9f7855768b3b06f91497e23458d81411f8,BeautifulSoup,4.15.0,georgia_power_current_v1,0.1.0,HIGH,HIGH,valid,[],[],"{""balancing_authority_normalized"":{""notes"":null,""origin"":""deterministic_rule"",""rule_id"":""georgia_power_utility_v1"",""source_fields"":[""source""]},""endpoint_candidates"":{""notes"":""Text candidates only; no geocoding or entity resolution applied."",""origin"":""derived_from_source"",""rule_id"":""location_candidates_v1"",""source_fields"":[""project_name_raw""]},""length_miles"":{""notes"":""Values are preserved independently and are not summed."",""origin"":""derived_from_source"",""rule_id"":""length_miles_v1"",""source_fields"":[""description_raw""]},""location_mentions"":{""notes"":""Published county/region text only; no geocoding applied."",""origin"":""derived_from_source"",""rule_id"":""georgia_power_county_region_v1"",""source_fields"":[""county_region_raw""]},""project_name_normalized"":{""notes"":null,""origin"":""normalized"",""rule_id"":""project_name_v1"",""source_fields"":[""project_name_raw""]},""project_type"":{""notes"":null,""origin"":""normalized"",""rule_id"":""georgia_power_published_type_v1"",""source_fields"":[""project_type_raw""]},""voltage_kv"":{""notes"":null,""origin"":""derived_from_source"",""rule_id"":""voltage_kv_v1"",""source_fields"":[""project_name_raw"",""description_raw"",""supporting_statement_raw""]}}",,,,GPC,Columbia & McDuffie counties,Area Project,"[""Early Spring 2026 | Substation Location Process Began Line Location Process Began"",""Summer 2026 | Substation Survey Notification to Property Owners Line Survey Notification to Property Owners"",""Late Summer 2026 | Substation Land Acquisition Begins"",""Winter 2026 | Substation Clearing and Grading Begins"",""Spring 2027 | Substation Construction Begins Line Land Acquisition Begins"",""Summer 2027 | Line Clearing and Grading Begins Line Construction Begins""]","[""Spring 2027 | Substation Construction Begins Line Land Acquisition Begins"",""Summer 2027 | Line Clearing and Grading Begins Line Construction Begins""]",
georgia-power-2026-83a79bb18ac6d7434a20,georgia_power,2026,georgia-power-2026-current-transmission-projects,GPC,GPC,,Effingham County 500 kV,Effingham County 500 kV,"Project Name: Effingham County 500 kV
County/Region: Effingham County
Type: Area Project
About the Project: The project is expected to include a new 500/230 kV Effingham County Substation , new 500 kV transmission infrastructure, and associated facilities. The project is being planned to provide the transmission infrastructure needed to serve a large-load customer while also strengthening the local electric grid in a rapidly growing area. These improvements will add capacity, enhance reliability for homes and businesses, and help support continued growth and evolving energy needs. Although some project elements are designed to meet specific customer requirements, the improvements are also expected to strengthen the transmission network and support future growth. As planning progresses, project details will be refined based on engineering, environmental, and routing studies.
Timeline: Summer 2026 | Substation survey notifications to property owners
Timeline: Fall 2026 | Substation land acquisition activities begin
Timeline: Spring 2027 | Substation clearing and grading begins
Timeline: Fall 2027 | Substation construction activities begin",,,"The project is expected to include a new 500/230 kV Effingham County Substation , new 500 kV transmission infrastructure, and associated facilities. The project is being planned to provide the transmission infrastructure needed to serve a large-load customer while also strengthening the local electric grid in a rapidly growing area. These improvements will add capacity, enhance reliability for homes and businesses, and help support continued growth and evolving energy needs. Although some project elements are designed to meet specific customer requirements, the improvements are also expected to strengthen the transmission network and support future growth. As planning progresses, project details will be refined based on engineering, environmental, and routing studies.",,"[""500 kV"",""500/230 kV""]","[500.0,230.0]",area_project,HIGH,georgia_power_published_type_v1,"[""Effingham County""]",[],[],[],4,4,,,https://www.georgiapower.com/about/grid-reliability/grid-improvements/grid-projects/transmission-projects/effingham-county.html,Effingham County 500 kV,4dc353e1aa73a6a37489f24d8d1d025ffdaf3f3f63cdbd58dd751520273df820,BeautifulSoup,4.15.0,georgia_power_current_v1,0.1.0,MEDIUM,HIGH,review,"[""MISSING_SUPPORTING_STATEMENT""]","[""The source record has no supporting statement.""]","{""balancing_authority_normalized"":{""notes"":null,""origin"":""deterministic_rule"",""rule_id"":""georgia_power_utility_v1"",""source_fields"":[""source""]},""location_mentions"":{""notes"":""Published county/region text only; no geocoding applied."",""origin"":""derived_from_source"",""rule_id"":""georgia_power_county_region_v1"",""source_fields"":[""county_region_raw""]},""project_name_normalized"":{""notes"":null,""origin"":""normalized"",""rule_id"":""project_name_v1"",""source_fields"":[""project_name_raw""]},""project_type"":{""notes"":null,""origin"":""normalized"",""rule_id"":""georgia_power_published_type_v1"",""source_fields"":[""project_type_raw""]},""voltage_kv"":{""notes"":null,""origin"":""derived_from_source"",""rule_id"":""voltage_kv_v1"",""source_fields"":[""project_name_raw"",""description_raw"",""supporting_statement_raw""]}}",,,,GPC,Effingham County,Area Project,"[""Summer 2026 | Substation survey notifications to property owners"",""Fall 2026 | Substation land acquisition activities begin"",""Spring 2027 | Substation clearing and grading begins"",""Fall 2027 | Substation construction activities begin""]","[""Fall 2027 | Substation construction activities begin""]",
georgia-power-2026-c78a361d12a5667dd3a1,georgia_power,2026,georgia-power-2026-current-transmission-projects,GPC,GPC,,Hills Bridge – Speedway 500/230 kV,Hills Bridge - Speedway 500/230 kV,"Project Name: Hills Bridge – Speedway 500/230 kV
County/Region: Clayton & Henry counties
Type: New Transmission Line
About the Project: Georgia Power is planning the Hills Bridge–Speedway 500 kV Transmission Project in Henry and Clayton counties to support the electric needs of a data center customer that requires new transmission infrastructure, while also strengthening the local electric grid in a rapidly growing area. The project currently includes construction of three transmission lines, one 500 kV line and two 230 kV lines, as well as two new substations, Hills Bridge 500/230 kV Substation and Speedway 230 kV Substation. Together, these improvements will add capacity, enhance reliability for homes and businesses, and position the region to support continued growth and evolving energy needs.
What's Included: Certain components of the project are being evaluated to support customer-specific needs, while all improvements contribute to strengthening the overall transmission system. Some elements are in the planning phase, and details may be refined as the project progresses. Hills Bridge 500/230 kV Substation: Construction of a new substation in Clayton County to support both 500 kV and 230 kV transmission infrastructure. Speedway 230 kV Substation: Construction of a new substation in Henry County that will serve this new data customer on the customer’s property. O’Hara–Scherer 500 kV Transmission Line (Hills Bridge Loop): Approximately .25 mile of new 500 kV transmission line in Clayton County connecting the new substation to existing transmission facilities. Hills Bridge–Speedway #1 230 kV Transmission Line: Approximately 1.5 miles of new 230 kV transmission line in Henry and Clayton counties. Hills Bridge–Speedway #2 230 kV Transmission Line: Approximately 1.0 mile of new 230 kV transmission line connecting nearby substations and operating alongside other new facilities. the electric grid with added transmission capacity. large-load demands while reinforcing local system. for growing energy needs in Georgia
Timeline: Q4 2025 | Easement Acquisition Begins
Timeline: Q2 2026 | Construction Begins
Timeline: Q4 2028 | Project Completion",Q4 2028,,"Georgia Power is planning the Hills Bridge–Speedway 500 kV Transmission Project in Henry and Clayton counties to support the electric needs of a data center customer that requires new transmission infrastructure, while also strengthening the local electric grid in a rapidly growing area. The project currently includes construction of three transmission lines, one 500 kV line and two 230 kV lines, as well as two new substations, Hills Bridge 500/230 kV Substation and Speedway 230 kV Substation. Together, these improvements will add capacity, enhance reliability for homes and businesses, and position the region to support continued growth and evolving energy needs.","Certain components of the project are being evaluated to support customer-specific needs, while all improvements contribute to strengthening the overall transmission system. Some elements are in the planning phase, and details may be refined as the project progresses. Hills Bridge 500/230 kV Substation: Construction of a new substation in Clayton County to support both 500 kV and 230 kV transmission infrastructure. Speedway 230 kV Substation: Construction of a new substation in Henry County that will serve this new data customer on the customer’s property. O’Hara–Scherer 500 kV Transmission Line (Hills Bridge Loop): Approximately .25 mile of new 500 kV transmission line in Clayton County connecting the new substation to existing transmission facilities. Hills Bridge–Speedway #1 230 kV Transmission Line: Approximately 1.5 miles of new 230 kV transmission line in Henry and Clayton counties. Hills Bridge–Speedway #2 230 kV Transmission Line: Approximately 1.0 mile of new 230 kV transmission line connecting nearby substations and operating alongside other new facilities. the electric grid with added transmission capacity. large-load demands while reinforcing local system. for growing energy needs in Georgia","[""500/230 kV"",""500 kV"",""230 kV""]","[500.0,230.0]",new_transmission_line,HIGH,georgia_power_published_type_v1,"[""Clayton & Henry counties""]","[""Hills Bridge"",""Speedway""]","["".25 mile"",""1.5 miles"",""1.0 mile""]","[0.25,1.5,1.0]",5,5,,,https://www.georgiapower.com/about/grid-reliability/grid-improvements/grid-projects/transmission-projects/hills-bridge-speedway.html,Hills Bridge – Speedway 500/230 kV,41a6aee030e39325ab975fea6321fd5f31ae063d0272108863951b72c4afb82f,BeautifulSoup,4.15.0,georgia_power_current_v1,0.1.0,HIGH,HIGH,valid,[],[],"{""balancing_authority_normalized"":{""notes"":null,""origin"":""deterministic_rule"",""rule_id"":""georgia_power_utility_v1"",""source_fields"":[""source""]},""endpoint_candidates"":{""notes"":""Text candidates only; no geocoding or entity resolution applied."",""origin"":""derived_from_source"",""rule_id"":""location_candidates_v1"",""source_fields"":[""project_name_raw""]},""length_miles"":{""notes"":""Values are preserved independently and are not summed."",""origin"":""derived_from_source"",""rule_id"":""length_miles_v1"",""source_fields"":[""description_raw""]},""location_mentions"":{""notes"":""Published county/region text only; no geocoding applied."",""origin"":""derived_from_source"",""rule_id"":""georgia_power_county_region_v1"",""source_fields"":[""county_region_raw""]},""project_name_normalized"":{""notes"":null,""origin"":""normalized"",""rule_id"":""project_name_v1"",""source_fields"":[""project_name_raw""]},""project_type"":{""notes"":null,""origin"":""normalized"",""rule_id"":""georgia_power_published_type_v1"",""source_fields"":[""project_type_raw""]},""voltage_kv"":{""notes"":null,""origin"":""derived_from_source"",""rule_id"":""voltage_kv_v1"",""source_fields"":[""project_name_raw"",""description_raw"",""supporting_statement_raw""]}}",,,,GPC,Clayton & Henry counties,New Transmission Line,"[""Q4 2025 | Easement Acquisition Begins"",""Q2 2026 | Construction Begins"",""Q4 2028 | Project Completion""]","[""Q2 2026 | Construction Begins""]",Q4 2028 | Project Completion
georgia-power-2026-aecc11f48e0f464e8c99,georgia_power,2026,georgia-power-2026-current-transmission-projects,GPC,GPC,,Grassy Hollow – Great Valley 230 kV,Grassy Hollow - Great Valley 230 kV,"Project Name: Grassy Hollow – Great Valley 230 kV
County/Region: Bartow County
Type: New Transmission Line
About the Project: As part of long-term investments in Georgia’s statewide transmission system, Georgia Power planned the Grassy Hollow–Great Valley 230 kV Transmission Project in Bartow County, which includes construction of a new Grassy Hollow substation and a new approximately 10.4-mile 230 kV transmission line connecting the Grassy Hollow Substation to the Great Valley substation. The project was developed to serve the electric needs of a large‑load customer that requires new transmission infrastructure, while also adding capacity and strengthening reliability for the local electric grid.
Timeline: Q1 2024 | Easement Acquisition Begins
Timeline: Q2 2026 | Construction Begins
Timeline: Q1 2027 | Project Completion",Q1 2027,,"As part of long-term investments in Georgia’s statewide transmission system, Georgia Power planned the Grassy Hollow–Great Valley 230 kV Transmission Project in Bartow County, which includes construction of a new Grassy Hollow substation and a new approximately 10.4-mile 230 kV transmission line connecting the Grassy Hollow Substation to the Great Valley substation. The project was developed to serve the electric needs of a large‑load customer that requires new transmission infrastructure, while also adding capacity and strengthening reliability for the local electric grid.",,"[""230 kV""]",[230.0],new_transmission_line,HIGH,georgia_power_published_type_v1,"[""Bartow County""]","[""Grassy Hollow"",""Great Valley""]","[""10.4-mile""]",[10.4],6,6,,,https://www.georgiapower.com/about/grid-reliability/grid-improvements/grid-projects/transmission-projects/grassy-hollow-great-valley.html,Grassy Hollow – Great Valley 230 kV,b50458045b10c28df6f8283dcbb501102b5de997ee4fb02187369da160e9fa0a,BeautifulSoup,4.15.0,georgia_power_current_v1,0.1.0,MEDIUM,HIGH,review,"[""MISSING_SUPPORTING_STATEMENT""]","[""The source record has no supporting statement.""]","{""balancing_authority_normalized"":{""notes"":null,""origin"":""deterministic_rule"",""rule_id"":""georgia_power_utility_v1"",""source_fields"":[""source""]},""endpoint_candidates"":{""notes"":""Text candidates only; no geocoding or entity resolution applied."",""origin"":""derived_from_source"",""rule_id"":""location_candidates_v1"",""source_fields"":[""project_name_raw""]},""length_miles"":{""notes"":""Values are preserved independently and are not summed."",""origin"":""derived_from_source"",""rule_id"":""length_miles_v1"",""source_fields"":[""description_raw""]},""location_mentions"":{""notes"":""Published county/region text only; no geocoding applied."",""origin"":""derived_from_source"",""rule_id"":""georgia_power_county_region_v1"",""source_fields"":[""county_region_raw""]},""project_name_normalized"":{""notes"":null,""origin"":""normalized"",""rule_id"":""project_name_v1"",""source_fields"":[""project_name_raw""]},""project_type"":{""notes"":null,""origin"":""normalized"",""rule_id"":""georgia_power_published_type_v1"",""source_fields"":[""project_type_raw""]},""voltage_kv"":{""notes"":null,""origin"":""derived_from_source"",""rule_id"":""voltage_kv_v1"",""source_fields"":[""project_name_raw"",""description_raw"",""supporting_statement_raw""]}}",,,,GPC,Bartow County,New Transmission Line,"[""Q1 2024 | Easement Acquisition Begins"",""Q2 2026 | Construction Begins"",""Q1 2027 | Project Completion""]","[""Q2 2026 | Construction Begins""]",Q1 2027 | Project Completion
georgia-power-2026-57d55e09e3bd5e9f6cb2,georgia_power,2026,georgia-power-2026-current-transmission-projects,GPC,GPC,,Hatch – Wadley Primary 500 kV,Hatch - Wadley Primary 500 kV,"Project Name: Hatch – Wadley Primary 500 kV
County/Region: Appling, Emanuel, Jefferson, & Toombs counties
Type: New Transmission Line
About the Project: As part of long-term investments in Georgia’s statewide transmission system, this project includes construction of an approximately 75-mile transmission line connecting Plant Hatch in Appling County to the Wadley Primary Substation in Jefferson County, crossing Toombs and Emanuel counties. Included in the Integrated Resource Plan , the project will strengthen grid reliability and help ensure reliable electric service to support long-term energy needs across the region.
Timeline: Q3 2026 | Community Meetings
Timeline: Q4 2026 | Easement Acquisition Begins
Timeline: Q1 2027 | Line Clearing and Grading Begins
Timeline: Q4 2028 | Line Construction Begins
Timeline: Q1 2031 | Project Completion",Q1 2031,,"As part of long-term investments in Georgia’s statewide transmission system, this project includes construction of an approximately 75-mile transmission line connecting Plant Hatch in Appling County to the Wadley Primary Substation in Jefferson County, crossing Toombs and Emanuel counties. Included in the Integrated Resource Plan , the project will strengthen grid reliability and help ensure reliable electric service to support long-term energy needs across the region.",,"[""500 kV""]",[500.0],new_transmission_line,HIGH,georgia_power_published_type_v1,"[""Appling, Emanuel, Jefferson, & Toombs counties""]","[""Hatch"",""Wadley Primary""]","[""75-mile""]",[75.0],7,7,,,https://www.georgiapower.com/about/grid-reliability/grid-improvements/grid-projects/transmission-projects/hatch-wadley.html,Hatch – Wadley Primary 500 kV,a2fd04a6fb2c09771000c341768ba15793b0a7afc53c4fc4edb42e04e8ff1646,BeautifulSoup,4.15.0,georgia_power_current_v1,0.1.0,MEDIUM,HIGH,review,"[""MISSING_SUPPORTING_STATEMENT""]","[""The source record has no supporting statement.""]","{""balancing_authority_normalized"":{""notes"":null,""origin"":""deterministic_rule"",""rule_id"":""georgia_power_utility_v1"",""source_fields"":[""source""]},""endpoint_candidates"":{""notes"":""Text candidates only; no geocoding or entity resolution applied."",""origin"":""derived_from_source"",""rule_id"":""location_candidates_v1"",""source_fields"":[""project_name_raw""]},""length_miles"":{""notes"":""Values are preserved independently and are not summed."",""origin"":""derived_from_source"",""rule_id"":""length_miles_v1"",""source_fields"":[""description_raw""]},""location_mentions"":{""notes"":""Published county/region text only; no geocoding applied."",""origin"":""derived_from_source"",""rule_id"":""georgia_power_county_region_v1"",""source_fields"":[""county_region_raw""]},""project_name_normalized"":{""notes"":null,""origin"":""normalized"",""rule_id"":""project_name_v1"",""source_fields"":[""project_name_raw""]},""project_type"":{""notes"":null,""origin"":""normalized"",""rule_id"":""georgia_power_published_type_v1"",""source_fields"":[""project_type_raw""]},""voltage_kv"":{""notes"":null,""origin"":""derived_from_source"",""rule_id"":""voltage_kv_v1"",""source_fields"":[""project_name_raw"",""description_raw"",""supporting_statement_raw""]}}",,,,GPC,"Appling, Emanuel, Jefferson, & Toombs counties",New Transmission Line,"[""Q3 2026 | Community Meetings"",""Q4 2026 | Easement Acquisition Begins"",""Q1 2027 | Line Clearing and Grading Begins"",""Q4 2028 | Line Construction Begins"",""Q1 2031 | Project Completion""]","[""Q4 2028 | Line Construction Begins""]",Q1 2031 | Project Completion
georgia-power-2026-85c6d93852f8eda4b276,georgia_power,2026,georgia-power-2026-current-transmission-projects,GPC,GPC,,Conyers – Klondike 230 kV,Conyers - Klondike 230 kV,"Project Name: Conyers – Klondike 230 kV
County/Region: Dekalb & Rockdale counties
Type: New Transmission Line
About the Project: The Conyers – Klondike 230 kV project consists of a new 8.5-mile transmission line that will run between the Conyers Substation in Rockdale County and the Klondike Substation in Dekalb County. In some locations, the Conyers–Klondike 230 kV transmission line will follow the existing Conyers - Klondike 230 kV transmission corridor. In other areas, a new corridor will be created where required by the project design. This project is part of our ongoing commitment to strengthen and expand the electric grid. This critical infrastructure is designed to enhance system reliability, support Georgia’s evolving energy needs, and ensure safe, resilient service for decades to come.
Timeline: Q2-Q3 2026 | Community Meetings See Dates & Locations
Timeline: Q3-Q4 2026 | Easement Acquisition Begins
Timeline: Q4 2026 | Line Clearing and Grading Begins
Timeline: Q1 2027 | Line Construction Begins
Timeline: Q1 2028 | Project complete",Q1 2028,,"The Conyers – Klondike 230 kV project consists of a new 8.5-mile transmission line that will run between the Conyers Substation in Rockdale County and the Klondike Substation in Dekalb County. In some locations, the Conyers–Klondike 230 kV transmission line will follow the existing Conyers - Klondike 230 kV transmission corridor. In other areas, a new corridor will be created where required by the project design. This project is part of our ongoing commitment to strengthen and expand the electric grid. This critical infrastructure is designed to enhance system reliability, support Georgia’s evolving energy needs, and ensure safe, resilient service for decades to come.",,"[""230 kV""]",[230.0],new_transmission_line,HIGH,georgia_power_published_type_v1,"[""Dekalb & Rockdale counties""]","[""Conyers"",""Klondike""]","[""8.5-mile""]",[8.5],8,8,,,https://www.georgiapower.com/about/grid-reliability/grid-improvements/grid-projects/transmission-projects/conyers-klondike.html,Conyers – Klondike 230 kV,9e17a3ab78a83556883641281c4ee9daf4653e7b419f9d5cb1292463f61cb1b9,BeautifulSoup,4.15.0,georgia_power_current_v1,0.1.0,MEDIUM,HIGH,review,"[""MISSING_SUPPORTING_STATEMENT""]","[""The source record has no supporting statement.""]","{""balancing_authority_normalized"":{""notes"":null,""origin"":""deterministic_rule"",""rule_id"":""georgia_power_utility_v1"",""source_fields"":[""source""]},""endpoint_candidates"":{""notes"":""Text candidates only; no geocoding or entity resolution applied."",""origin"":""derived_from_source"",""rule_id"":""location_candidates_v1"",""source_fields"":[""project_name_raw""]},""length_miles"":{""notes"":""Values are preserved independently and are not summed."",""origin"":""derived_from_source"",""rule_id"":""length_miles_v1"",""source_fields"":[""description_raw""]},""location_mentions"":{""notes"":""Published county/region text only; no geocoding applied."",""origin"":""derived_from_source"",""rule_id"":""georgia_power_county_region_v1"",""source_fields"":[""county_region_raw""]},""project_name_normalized"":{""notes"":null,""origin"":""normalized"",""rule_id"":""project_name_v1"",""source_fields"":[""project_name_raw""]},""project_type"":{""notes"":null,""origin"":""normalized"",""rule_id"":""georgia_power_published_type_v1"",""source_fields"":[""project_type_raw""]},""voltage_kv"":{""notes"":null,""origin"":""derived_from_source"",""rule_id"":""voltage_kv_v1"",""source_fields"":[""project_name_raw"",""description_raw"",""supporting_statement_raw""]}}",,,,GPC,Dekalb & Rockdale counties,New Transmission Line,"[""Q2-Q3 2026 | Community Meetings See Dates & Locations"",""Q3-Q4 2026 | Easement Acquisition Begins"",""Q4 2026 | Line Clearing and Grading Begins"",""Q1 2027 | Line Construction Begins"",""Q1 2028 | Project complete""]","[""Q1 2027 | Line Construction Begins""]",Q1 2028 | Project complete
georgia-power-2026-f86ec735e2182af8b86e,georgia_power,2026,georgia-power-2026-current-transmission-projects,GPC,GPC,,Ashley Park – Wansley 500 kV,Ashley Park - Wansley 500 kV,"Project Name: Ashley Park – Wansley 500 kV
County/Region: Fayette & Heard counties
Type: New Transmission Line
About the Project: The Ashley Park – Wansley 500kV Transmission Project consists of a new 35-mile transmission line that will run between the Ashley Park Substation in Fayette County and Plant Wansley in Heard County, crossing through Fulton and Coweta counties. This project is part of our ongoing commitment to strengthen and expand the electric grid as identified in our Integrated Resource Plan. This critical infrastructure is designed to enhance system reliability, support Georgia’s evolving energy needs, and ensure safe, resilient service for decades to come.
Timeline: Q1 2026 | Community Meetings See Dates & Locations
Timeline: Q1 2027 | Line Clearing & Grading Begins
Timeline: Q3 2027 | Line Construction begins
Timeline: Q2 2028 | Project complete",Q2 2028,,"The Ashley Park – Wansley 500kV Transmission Project consists of a new 35-mile transmission line that will run between the Ashley Park Substation in Fayette County and Plant Wansley in Heard County, crossing through Fulton and Coweta counties. This project is part of our ongoing commitment to strengthen and expand the electric grid as identified in our Integrated Resource Plan. This critical infrastructure is designed to enhance system reliability, support Georgia’s evolving energy needs, and ensure safe, resilient service for decades to come.",,"[""500 kV"",""500kV""]",[500.0],new_transmission_line,HIGH,georgia_power_published_type_v1,"[""Fayette & Heard counties""]","[""Ashley Park"",""Wansley""]","[""35-mile""]",[35.0],9,9,,,https://www.georgiapower.com/about/grid-reliability/grid-improvements/grid-projects/transmission-projects/ashley-park.html,Ashley Park – Wansley 500 kV,e86d96a5eaf38d73ecfbad9d5aa0d183e8737841df3eb8abda8f6582d2e18915,BeautifulSoup,4.15.0,georgia_power_current_v1,0.1.0,MEDIUM,HIGH,review,"[""MISSING_SUPPORTING_STATEMENT""]","[""The source record has no supporting statement.""]","{""balancing_authority_normalized"":{""notes"":null,""origin"":""deterministic_rule"",""rule_id"":""georgia_power_utility_v1"",""source_fields"":[""source""]},""endpoint_candidates"":{""notes"":""Text candidates only; no geocoding or entity resolution applied."",""origin"":""derived_from_source"",""rule_id"":""location_candidates_v1"",""source_fields"":[""project_name_raw""]},""length_miles"":{""notes"":""Values are preserved independently and are not summed."",""origin"":""derived_from_source"",""rule_id"":""length_miles_v1"",""source_fields"":[""description_raw""]},""location_mentions"":{""notes"":""Published county/region text only; no geocoding applied."",""origin"":""derived_from_source"",""rule_id"":""georgia_power_county_region_v1"",""source_fields"":[""county_region_raw""]},""project_name_normalized"":{""notes"":null,""origin"":""normalized"",""rule_id"":""project_name_v1"",""source_fields"":[""project_name_raw""]},""project_type"":{""notes"":null,""origin"":""normalized"",""rule_id"":""georgia_power_published_type_v1"",""source_fields"":[""project_type_raw""]},""voltage_kv"":{""notes"":null,""origin"":""derived_from_source"",""rule_id"":""voltage_kv_v1"",""source_fields"":[""project_name_raw"",""description_raw"",""supporting_statement_raw""]}}",,,,GPC,Fayette & Heard counties,New Transmission Line,"[""Q1 2026 | Community Meetings See Dates & Locations"",""Q1 2027 | Line Clearing & Grading Begins"",""Q3 2027 | Line Construction begins"",""Q2 2028 | Project complete""]","[""Q3 2027 | Line Construction begins""]",Q2 2028 | Project complete
