observation_id,project_name_raw,balancing_authority_raw,pdf_page_start,pdf_page_end,confidence,validation_status,warning_codes_json,source_url
sertp-2026-15fa1491a52e7b78d170,SOCO: BESSEMER – SOUTH BESSEMER 115 KV TL RECONDUCTOR - PHASE 1,SOUTHERN,31,31,MEDIUM,review,"[""AMBIGUOUS_ENDPOINTS""]",https://www.southeasternrtp.com/docs/general/2026/2026_SERTP_Preliminary_Expansion_Plan_Report_(Non-CEII).pdf
sertp-2026-82b47e81eae52371d273,SOCO: CONSTRUCT NEW 230 KV LINE FROM LAUDERDALE WEST - PLANT SWEATT,SOUTHERN,45,45,MEDIUM,review,"[""AMBIGUOUS_ENDPOINTS""]",https://www.southeasternrtp.com/docs/general/2026/2026_SERTP_Preliminary_Expansion_Plan_Report_(Non-CEII).pdf
sertp-2026-633e07f39f1d3aea0564,SOCO: GORDON-SANDERSVILLE #1 115 KV LINE REBUILD (DEEPSTEP - SAND #6),SOUTHERN,81,81,MEDIUM,review,"[""AMBIGUOUS_ENDPOINTS""]",https://www.southeasternrtp.com/docs/general/2026/2026_SERTP_Preliminary_Expansion_Plan_Report_(Non-CEII).pdf
sertp-2026-7ddeb4795c472b5e7fcf,TS25-422,TVA,104,104,LOW,review,"[""SUSPICIOUS_PROJECT_NAME""]",https://www.southeasternrtp.com/docs/general/2026/2026_SERTP_Preliminary_Expansion_Plan_Report_(Non-CEII).pdf
sertp-2026-36d33436609a5ab0eee0,TS25-425,TVA,106,106,LOW,review,"[""SUSPICIOUS_PROJECT_NAME""]",https://www.southeasternrtp.com/docs/general/2026/2026_SERTP_Preliminary_Expansion_Plan_Report_(Non-CEII).pdf
sertp-2026-e10c2187c01770098b5b,TS25-429,TVA,106,106,LOW,review,"[""SUSPICIOUS_PROJECT_NAME""]",https://www.southeasternrtp.com/docs/general/2026/2026_SERTP_Preliminary_Expansion_Plan_Report_(Non-CEII).pdf
sertp-2026-9c76d3977a82ccbbeea2,TS25-466,TVA,107,107,LOW,review,"[""SUSPICIOUS_PROJECT_NAME""]",https://www.southeasternrtp.com/docs/general/2026/2026_SERTP_Preliminary_Expansion_Plan_Report_(Non-CEII).pdf
sertp-2026-06def3b11e8807f255c9,TS25-512,TVA,107,107,LOW,review,"[""SUSPICIOUS_PROJECT_NAME""]",https://www.southeasternrtp.com/docs/general/2026/2026_SERTP_Preliminary_Expansion_Plan_Report_(Non-CEII).pdf
sertp-2026-2555b00a4602f3e43a7d,TS25-514,TVA,107,107,LOW,review,"[""SUSPICIOUS_PROJECT_NAME""]",https://www.southeasternrtp.com/docs/general/2026/2026_SERTP_Preliminary_Expansion_Plan_Report_(Non-CEII).pdf
sertp-2026-849478f28ad5578a8228,TS25-515,TVA,107,107,LOW,review,"[""SUSPICIOUS_PROJECT_NAME""]",https://www.southeasternrtp.com/docs/general/2026/2026_SERTP_Preliminary_Expansion_Plan_Report_(Non-CEII).pdf
sertp-2026-51454138ff6c079cc8e5,TS25-587,TVA,108,108,LOW,review,"[""SUSPICIOUS_PROJECT_NAME""]",https://www.southeasternrtp.com/docs/general/2026/2026_SERTP_Preliminary_Expansion_Plan_Report_(Non-CEII).pdf
sertp-2026-1fc1c85cfb968119e880,TS25-600,TVA,108,108,LOW,review,"[""SUSPICIOUS_PROJECT_NAME""]",https://www.southeasternrtp.com/docs/general/2026/2026_SERTP_Preliminary_Expansion_Plan_Report_(Non-CEII).pdf
sertp-2026-5d90eaba922ba8cde926,TS25-510,TVA,110,110,LOW,review,"[""SUSPICIOUS_PROJECT_NAME""]",https://www.southeasternrtp.com/docs/general/2026/2026_SERTP_Preliminary_Expansion_Plan_Report_(Non-CEII).pdf
